{
    "0.005_power_law": {
        "k": 0.8642589147689457,
        "n": 0.6280969198872117,
        "r2": 0.9135645121358232,
        "mse": 0.7517902089943242,
        "mae": 0.5150417846100594,
        "accuracy": 26.229508196721312
    },
    "0.005_carreau_yasuda": {
        "mu_inf": 0.2941788240664062,
        "mu_0": 71962559.26094201,
        "lamb": 261537356.0046222,
        "a": 0.04007560605268394,
        "n": 0.35502100963854377,
        "r2": 0.9130306535087698,
        "mse": 0.7564335528189875,
        "mae": 0.5994273650186038,
        "accuracy": 22.950819672131146
    },
    "0.01_power_law": {
        "k": 33.095774665031556,
        "n": 0.721784753839643,
        "r2": 0.8895628954942074,
        "mse": 507.02581229714343,
        "mae": 17.89728480353427,
        "accuracy": 21.311475409836063
    },
    "0.01_carreau_yasuda": {
        "mu_inf": 7.216473639907549e-19,
        "mu_0": 176.0317576720095,
        "lamb": 67.22899101273497,
        "a": 2.3153898691511214,
        "n": 0.39851291827582325,
        "r2": 0.9925166264598003,
        "mse": 34.35678221483683,
        "mae": 3.03576133109035,
        "accuracy": 50.81967213114754
    },
    "0.02_power_law": {
        "k": 55.17510732970771,
        "n": 0.7249923795684233,
        "r2": 0.8753046595845908,
        "mse": 1558.2071750485632,
        "mae": 31.545864617815703,
        "accuracy": 18.0327868852459
    },
    "0.02_carreau_yasuda": {
        "mu_inf": 1.1337137500810413e-35,
        "mu_0": 285.05348451474356,
        "lamb": 66.4345021417557,
        "a": 3.2183986825480813,
        "n": 0.39058522801344364,
        "r2": 0.9935134356767522,
        "mse": 81.05684652070343,
        "mae": 4.62010295773326,
        "accuracy": 52.459016393442624
    }
}